ts,phase,lane,label,mode,mem_frac,radix,cuda_graph_max_bs,chunked_prefill,extra_args,workload,isl,osl,conc,num_prompts,status,fatal,out_tps,total_tps,req_tps,conc_ach,accept_len,mean_ttft_ms,median_ttft_ms,p99_ttft_ms,mean_tpot_ms,median_tpot_ms,mean_itl_ms,mean_e2e_ms,median_e2e_ms,gen_tok,retok_tok,retok_div_pct,cache_hit_pct,max_total_num_tokens,max_running_requests,avail_gpu_mem_gb,mamba_cap,mamba_slots,run_med,run_max,tok_usage_max,mamba_usage_max,sched_accept_med,queue_max,retract_n,cudagraph,boot_s,bench_s,git_sha
2026-07-29T09:16:44+00:00,p1,mem-nospec,p1-nospec-mf0.85,nospec,0.85,0,256,default,"",stress,16384,256,96,96,OK,"",144.46,9390.2,0.5643,71.86,NA,80536.75,72409.92,156180.22,183.52,180.84,184.36,127333.92,88075.38,24576,24457,0.484,NA,838048,370,35.13,370,1,46,50,1,0.14,NA,46,0,True,194,187,3d35b45f7
2026-07-29T09:20:38+00:00,p1,mem-nospec,p1-nospec-mf0.95,nospec,0.95,0,256,default,"",stress,16384,256,96,96,CRASH,"torch.OutOfMemoryError: HIP out of memory. Tried to allocate 1.75 GiB. GPU 1 has a total capacity of 287.98 GiB of which 1.01 GiB is free. Of the allocated memory 273.38 GiB is allocated by PyTorch  with 238.00 MiB alloc",NA,NA,NA,NA,NA,NA,NA,NA,NA,NA,NA,NA,NA,NA,NA,NA,NA,1405528,620,6.45,620,1,NA,NA,NA,NA,NA,NA,0,NA,194,18,3d35b45f7
2026-07-29T09:25:30+00:00,p1,mem-nospec,p1-nospec-mf0.94,nospec,0.94,0,256,default,"",stress,16384,256,96,96,CRASH,"torch.OutOfMemoryError: HIP out of memory. Tried to allocate 1.75 GiB. GPU 0 has a total capacity of 287.98 GiB of which 1.23 GiB is free. Of the allocated memory 270.64 GiB is allocated by PyTorch  with 238.00 MiB alloc",NA,NA,NA,NA,NA,NA,NA,NA,NA,NA,NA,NA,NA,NA,NA,NA,NA,1348780,595,9.35,595,1,NA,NA,NA,NA,NA,NA,0,NA,195,81,3d35b45f7
2026-07-29T09:32:09+00:00,p1,mem-nospec,p1-nospec-mf0.93,nospec,0.93,0,256,default,"",stress,16384,256,96,96,OK,"",147.27,9572.5,0.5753,78.13,NA,75541.85,72095.07,156890.78,236.37,219.91,237.44,135816.46,128178,24576,24459,0.476,NA,1292032,570,12.21,570,1,19,77,0.99,0.14,NA,19,0,True,194,183,3d35b45f7
2026-07-29T09:38:43+00:00,p1,mem-dspark,p1-dspark-mf0.85,dspark,0.85,0,256,default,"",stress,16384,256,48,48,OK,"",76.6,4978.81,0.2992,40.09,2.629,57127.05,40610.84,129382.32,301.36,316.69,303.35,133974.6,133626.84,12288,12199,0.724,NA,551629,48,30.38,NA,NA,16,32,0.96,0.67,2.68,16,0,True,194,176,3d35b45f7
2026-07-29T09:43:43+00:00,p1,mem-dspark,p1-dspark-mf0.93,dspark,0.93,0,256,default,"",stress,16384,256,48,48,CRASH,"",NA,NA,NA,NA,NA,NA,NA,NA,NA,NA,NA,NA,NA,NA,NA,NA,NA,1263617,48,10.30,NA,NA,NA,NA,NA,NA,NA,NA,0,NA,195,83,3d35b45f7
2026-07-29T09:50:15+00:00,p1,mem-dspark,p1-dspark-mf0.92,dspark,0.92,0,256,default,"",stress,16384,256,48,48,OK,"",77.32,5025.53,0.302,45.54,2.674,41319.87,40515.06,108396.81,429.32,424.26,430.98,150797.06,152181.1,12288,12234,0.439,NA,1174618,48,12.81,NA,NA,24,47,0.66,0.98,2.69,1,0,True,194,175,3d35b45f7
2026-07-29T09:58:19+00:00,p2,nospec,p2-base-mf0.93,nospec,0.93,0,256,default,"",w2,8192,1024,96,192,OK,"",788.23,7094.1,0.7698,95.96,NA,29658.38,29530.24,57719.78,92.87,92.79,95.06,124667.92,124675.78,196608,192185,2.25,NA,1292032,570,12.21,570,1,96,96,0.69,0.17,NA,0,0,True,194,267,3d35b45f7
2026-07-29T10:03:38+00:00,p2,nospec,p2-base-mf0.93,nospec,0.93,0,256,default,"",w2,8192,1024,128,256,OK,"",875.08,7875.74,0.8546,127.96,NA,39199.7,39005.09,76325,108.05,108.23,110.59,149734.7,149732.6,262144,256367,2.204,NA,1292032,570,12.21,570,1,128,128,0.92,0.22,NA,0,0,True,194,317,3d35b45f7
2026-07-29T10:10:56+00:00,p2,nospec,p2-base-mf0.93,nospec,0.93,0,256,default,"",w2,8192,1024,160,320,OK,"",782.68,7044.08,0.7643,138.75,NA,61876.84,48425.12,184108.05,116.97,119.75,119.48,181535.95,171086.2,327680,320938,2.057,NA,1292032,570,12.21,570,1,138,138,0.99,0.24,NA,22,0,True,194,436,3d35b45f7
2026-07-29T10:19:17+00:00,p2,nospec,p2-base-mf0.93,nospec,0.93,0,256,default,"",w2,8192,1024,192,384,OK,"",816.92,7352.29,0.7978,167.59,NA,87730.62,60714.27,202672.45,119.6,118.72,122.28,210077.27,170824.91,393216,384832,2.132,NA,1292032,570,12.21,570,1,138,138,0.99,0.24,NA,54,0,True,194,499,3d35b45f7
2026-07-29T10:28:34+00:00,p2,nospec,p2-cp8192,nospec,0.93,0,256,8192,"",w2,8192,1024,128,256,OK,"",815.79,7342.14,0.7967,127.97,NA,44416.88,43965,87139.24,113.6,114.03,115.84,160625.15,160627.29,262144,257202,1.885,NA,1292032,570,12.21,570,1,128,128,0.92,0.22,NA,0,0,True,194,339,3d35b45f7
2026-07-29T10:37:31+00:00,p2,nospec,p2-cp32768,nospec,0.93,0,256,32768,"",w2,8192,1024,128,256,OK,"",876.96,7892.63,0.8564,127.96,NA,38998.67,39388.98,75987.77,107.93,107.74,110.84,149415.5,149423.81,262144,255445,2.555,NA,1292032,570,12.21,570,1,128,128,0.92,0.22,NA,0,0,True,194,319,3d35b45f7
2026-07-29T10:46:26+00:00,p2,nospec,p2-cp65536,nospec,0.93,0,256,65536,"",w2,8192,1024,128,256,OK,"",876.68,7890.12,0.8561,127.96,NA,39029.52,39142.88,75795.87,107.95,107.84,110.43,149463.35,149470.67,262144,256474,2.163,NA,1292032,570,12.21,570,1,128,128,0.92,0.22,NA,0,0,True,194,317,3d35b45f7
2026-07-29T10:55:21+00:00,p2,nospec,p2-cg384,nospec,0.93,0,384,default,"",w2,8192,1024,128,256,OK,"",874.85,7873.68,0.8543,127.96,NA,39394.78,39099.59,76637.89,107.9,108.16,110.13,149777,149783.66,262144,256910,1.997,NA,1292032,570,10.08,570,1,128,128,0.92,0.22,NA,0,0,True,195,317,3d35b45f7
2026-07-29T11:00:28+00:00,p2,nospec,p2-cg512,nospec,0.93,0,512,default,"",w2,8192,1024,128,256,CRASH,"torch.OutOfMemoryError: HIP out of memory. Tried to allocate 1.75 GiB. GPU 0 has a total capacity of 287.98 GiB of which 1006.00 MiB is free. Of the allocated memory 271.92 GiB is allocated by PyTorch  with 478.00 MiB al",NA,NA,NA,NA,NA,NA,NA,NA,NA,NA,NA,NA,NA,NA,NA,NA,NA,1292032,570,8.12,570,1,NA,NA,NA,NA,NA,NA,0,NA,205,80,3d35b45f7
2026-07-29T11:09:57+00:00,p2,nospec,p2-radix-default,nospec,0.93,1,256,default,"",w2,8192,1024,128,256,OK,"",748.61,6737.52,0.7311,111.26,NA,49079.3,39503.43,154819.26,100.79,103.24,103.48,152185.07,145246.5,262144,255491,2.538,NA,1292032,114,16.36,570,5,113,113,0.81,0.79,NA,15,0,True,184,368,3d35b45f7
2026-07-29T11:11:48+00:00,p2,nospec,p2-radix-default,nospec,0.93,1,256,default,"",w3,4096,256,32,256,OK,"",696.99,12470.67,2.7226,31.97,NA,2497.18,1741.83,9328.47,36.25,31.79,36.98,11742.03,10410.23,65536,63548,3.033,68.2,1292032,114,16.36,570,5,32,32,0.09,0.22,NA,0,0,True,184,109,3d35b45f7
2026-07-29T11:20:35+00:00,p2,nospec,p2-radix-lazy,nospec,0.93,1,256,default,"--mamba-radix-cache-strategy extra_buffer_lazy",w2,8192,1024,128,256,OK,"",868.11,7812.98,0.8478,127.97,NA,39361.48,39380.22,76389.59,109.08,109.06,111.1,150947.65,150953.73,262144,257531,1.76,NA,1292032,142,15.82,570,4,128,128,0.92,0.67,NA,0,0,True,184,319,3d35b45f7
2026-07-29T11:22:24+00:00,p2,nospec,p2-radix-lazy,nospec,0.93,1,256,default,"--mamba-radix-cache-strategy extra_buffer_lazy",w3,4096,256,32,256,OK,"",702.03,12560.81,2.7423,31.97,NA,2435.75,1497.04,9310.01,36.16,31.7,36.86,11657.56,10140.46,65536,63594,2.963,68.2,1292032,142,15.82,570,4,32,32,0.09,0.17,NA,0,0,True,184,107,3d35b45f7
2026-07-29T11:31:16+00:00,p2,nospec,p2-ssmbf16,nospec,0.93,0,256,default,"--mamba-ssm-dtype bfloat16",w2,8192,1024,128,256,OK,"",886.35,7977.11,0.8656,127.96,NA,39360.26,39039.13,76715.1,106.04,106.15,108.75,147836.67,147843.06,262144,255926,2.372,NA,1291496,1104,10.11,1104,1,128,128,0.92,0.12,NA,0,0,True,194,314,3d35b45f7
2026-07-29T11:40:11+00:00,p2,nospec,p2-sched0.6,nospec,0.93,0,256,default,"--schedule-conservativeness 0.6",w2,8192,1024,128,256,OK,"",874.1,7866.86,0.8536,127.96,NA,39230.63,39065.36,76532.68,108.19,108.34,110.49,149905.76,149909.63,262144,256799,2.039,NA,1292032,570,12.21,570,1,128,128,0.92,0.22,NA,0,0,True,194,318,3d35b45f7
2026-07-29T11:51:00+00:00,p2,nospec,p2-curve-p2-ssmbf16,nospec,0.93,0,256,default,"--mamba-ssm-dtype bfloat16",w2,8192,1024,160,320,OK,"",793.24,7139.17,0.7746,138.84,NA,61731.17,48457.14,182054.34,114.86,117.52,116.86,179233.3,169089.27,327680,322033,1.723,NA,1291496,1104,10.11,1104,1,138,138,0.99,0.12,NA,22,0,True,195,431,3d35b45f7
2026-07-29T11:59:14+00:00,p2,nospec,p2-curve-p2-ssmbf16,nospec,0.93,0,256,default,"--mamba-ssm-dtype bfloat16",w2,8192,1024,192,384,OK,"",828.06,7452.52,0.8086,167.64,NA,87191.84,60831.17,200551.73,117.41,116.48,119.77,207303.05,168638.28,393216,385721,1.906,NA,1291496,1104,10.11,1104,1,138,138,0.99,0.12,NA,54,0,True,195,492,3d35b45f7
2026-07-29T12:10:03+00:00,p3,dspark,p3-base-mf0.92,dspark,0.92,0,256,default,"",w2,8192,1024,48,96,OK,"",238.05,2142.48,0.2325,44.08,2.999,14720.66,11249.6,42224.92,170.98,170.99,173.88,189630.26,188750.26,98304,96577,1.757,NA,1174618,48,12.81,NA,NA,45,47,0.36,0.98,2.96,3,0,True,195,431,3d35b45f7
2026-07-29T12:18:45+00:00,p3,dspark,p3-mrr16,dspark,0.92,0,256,default,"--max-running-requests 16",w2,8192,1024,48,96,OK,"",334.11,3007.01,0.3263,39.18,3.064,78691.52,96194.75,126695.38,40.45,40.87,40.89,120073.51,134677.78,98304,97168,1.156,NA,1658855,16,20.81,NA,NA,14,16,0.08,1,3.05,34,0,True,185,313,3d35b45f7
2026-07-29T12:27:03+00:00,p3,dspark,p3-mrr24,dspark,0.92,0,256,default,"--max-running-requests 24",w2,8192,1024,48,96,OK,"",362.72,3264.52,0.3542,40.34,3.024,57778.25,70099.54,102936.05,54.85,55.09,55.42,113893.8,121385.93,98304,97229,1.094,NA,1537796,24,18.88,NA,NA,21,23,0.13,0.96,3.04,27,0,True,185,289,3d35b45f7
2026-07-29T12:37:59+00:00,p3,dspark,p3-mrr32,dspark,0.92,0,256,default,"--max-running-requests 32",w2,8192,1024,48,96,OK,"",234.38,2109.45,0.2289,41.6,3.041,61652.15,56086.75,138239.1,117.38,119.39,118.67,181734,162564.94,98304,97157,1.167,NA,1416737,32,16.83,NA,NA,30,31,0.2,0.97,3.01,19,0,True,195,438,3d35b45f7
2026-07-29T12:48:57+00:00,p3,dspark,p3-mrr40,dspark,0.92,0,256,default,"--max-running-requests 40",w2,8192,1024,48,96,OK,"",234.07,2106.59,0.2286,42.51,2.976,38586.79,24589.04,147058.01,144.08,146,146.76,185982.45,184235.54,98304,96378,1.959,NA,1295677,40,14.98,NA,NA,37,39,0.27,0.97,2.91,11,0,True,195,439,3d35b45f7
2026-07-29T12:56:59+00:00,p3,dspark,p3-g3,dspark,0.92,0,256,default,"--speculative-dspark-block-size 3",w2,8192,1024,48,96,OK,"",400.68,3606.12,0.3913,44.64,2.552,11742.48,6568.96,44001.84,100.05,101.13,101.58,114090.12,111477.11,98304,96745,1.586,NA,1504168,48,19.94,NA,NA,45,47,0.29,0.98,2.54,3,0,True,195,264,3d35b45f7
2026-07-29T13:07:54+00:00,p3,dspark,p3-g5,dspark,0.92,0,256,default,"--speculative-dspark-block-size 5",w2,8192,1024,48,96,OK,"",235.3,2117.66,0.2298,44.36,2.893,14312.95,10067.27,72535.96,174.73,177.6,177.32,193060.58,191488.55,98304,96793,1.537,NA,1339393,48,16.01,NA,NA,46,47,0.31,0.98,2.9,3,0,True,195,437,3d35b45f7
2026-07-29T13:18:45+00:00,p3,dspark,p3-replayssm,dspark,0.85,0,256,default,"--enable-linear-replayssm-spec --max-running-requests 128",w2,8192,1024,48,96,OK,"",238.06,2142.53,0.2325,43.78,3.016,9184.26,3168.47,28963,175.13,173.83,178.2,188338.73,184896.55,98304,96544,1.79,NA,997441,128,13.59,NA,NA,46,48,0.44,0.38,2.97,0,0,True,195,432,3d35b45f7
2026-07-29T13:34:03+00:00,p3,dspark,p3-replayssm,dspark,0.85,0,256,default,"--enable-linear-replayssm-spec --max-running-requests 128",w2,8192,1024,96,192,OK,"",219.51,1975.6,0.2144,88.68,2.672,16871.58,4251.14,57910.45,387.91,377.26,403.69,413701.64,406550.13,196608,188688,4.028,NA,997441,128,13.59,NA,NA,95,96,0.87,0.75,2.56,0,0,True,195,916,3d35b45f7
2026-07-29T13:43:30+00:00,p3,dspark,p3-curve-p3-g3,dspark,0.92,0,256,default,"--speculative-dspark-block-size 3",w2,8192,1024,64,128,OK,"",397.65,3578.82,0.3883,56.67,2.527,41854.69,25721.65,124547.49,101.74,102.36,103.99,145937.99,135903.14,131072,128105,2.264,NA,1504168,48,19.94,NA,NA,45,47,0.29,0.98,2.52,19,0,True,194,350,3d35b45f7
2026-07-29T13:51:56+00:00,p3,dspark,p3-curve-p3-g3,dspark,0.92,0,256,default,"--speculative-dspark-block-size 3",w2,8192,1024,96,192,OK,"",406.42,3657.8,0.3969,82.31,2.574,101200.65,121423.96,197298.95,103.79,103.73,105.86,207373.83,221017.89,196608,192584,2.047,NA,1504168,48,19.94,NA,NA,45,47,0.28,0.98,2.585,51,0,True,194,504,3d35b45f7
2026-07-29T13:56:06+00:00,p3,dspark,p3-lat-win,dspark,0.92,0,256,default,"--speculative-dspark-block-size 3",w1,1024,1024,1,2,OK,"",111.58,223.16,0.109,1,2.757,178.48,178.48,178.64,8.78,8.78,9.41,9159.95,9159.95,2048,1909,6.787,NA,1504168,48,19.94,NA,NA,1,1,0,0.02,2.77,0,0,True,194,33,3d35b45f7
2026-07-29T13:56:51+00:00,p3,dspark,p3-lat-win,dspark,0.92,0,256,default,"--speculative-dspark-block-size 3",w1,1024,1024,4,8,OK,"",289.14,578.28,0.2824,3.51,2.678,425.07,423.29,641.75,11.74,11.62,11.8,12439.69,12094.6,8192,8148,0.537,NA,1504168,48,19.94,NA,NA,4,4,0.01,0.08,2.695,0,0,True,194,43,3d35b45f7
2026-07-29T13:57:43+00:00,p3,dspark,p3-lat-win,dspark,0.92,0,256,default,"--speculative-dspark-block-size 3",w1,1024,1024,8,16,OK,"",470.72,941.44,0.4597,7.46,2.61,638.25,638.17,1051.39,15.25,15.21,15.42,16235.01,16203.95,16384,16188,1.196,NA,1504168,48,19.94,NA,NA,8,8,0.01,0.17,2.62,0,0,True,194,49,3d35b45f7
2026-07-29T14:01:45+00:00,p3,dspark,p3-lat-base,dspark,0.92,0,256,default,"",w1,1024,1024,1,2,OK,"",99.7,199.4,0.0974,1,3.141,181.42,181.42,182.23,9.84,9.84,10.11,10249.44,10249.44,2048,1990,2.832,NA,1174618,48,12.81,NA,NA,1,1,0,0.02,3.26,0,0,True,184,35,3d35b45f7
2026-07-29T14:02:34+00:00,p3,dspark,p3-lat-base,dspark,0.92,0,256,default,"",w1,1024,1024,4,8,OK,"",253.84,507.68,0.2479,3.8,3.042,434.99,433.98,636.29,14.55,13.78,14.64,15317.6,14530.72,8192,8136,0.684,NA,1174618,48,12.81,NA,NA,4,4,0.01,0.08,3.11,0,0,True,184,47,3d35b45f7
2026-07-29T14:03:34+00:00,p3,dspark,p3-lat-base,dspark,0.92,0,256,default,"",w1,1024,1024,8,16,OK,"",382.87,765.73,0.3739,7.27,3.273,657.59,657.75,1051.96,18.37,18.25,18.46,19454.53,19172.54,16384,16302,0.5,NA,1174618,48,12.81,NA,NA,8,8,0.01,0.17,3.21,0,0,True,184,58,3d35b45f7
2026-07-29T14:12:25+00:00,p4,nospec,p4-nospec-rep2,nospec,0.93,0,256,default,"--mamba-ssm-dtype bfloat16",w2,8192,1024,128,256,OK,"",887.9,7991.12,0.8671,127.96,NA,39381.92,39220.96,76603.25,105.76,105.92,108.48,147577.4,147582.09,262144,255795,2.422,NA,1291496,1104,10.11,1104,1,128,128,0.92,0.12,NA,0,0,True,195,313,3d35b45f7
2026-07-29T14:21:15+00:00,p4,nospec,p4-nospec-rep3,nospec,0.93,0,256,default,"--mamba-ssm-dtype bfloat16",w2,8192,1024,128,256,OK,"",889.04,8001.37,0.8682,127.96,NA,39359.32,38996.61,76533.83,105.6,105.81,108.54,147388.06,147395.75,262144,255134,2.674,NA,1291496,1104,10.11,1104,1,128,128,0.92,0.12,NA,0,0,True,194,313,3d35b45f7
2026-07-29T14:33:15+00:00,p4,dspark,p4-dspark-rep2,dspark,0.92,0,256,default,"--speculative-dspark-block-size 3",w2,8192,1024,96,192,OK,"",408.53,3676.77,0.399,81.93,2.601,99891.6,118724.77,202725.68,103.09,103.4,104.51,205352.07,214480.82,196608,193758,1.45,NA,1504168,48,19.94,NA,NA,46,47,0.28,0.98,2.59,51,0,True,194,501,3d35b45f7
2026-07-29T14:45:19+00:00,p4,dspark,p4-dspark-rep3,dspark,0.92,0,256,default,"--speculative-dspark-block-size 3",w2,8192,1024,96,192,OK,"",404.26,3638.32,0.3948,82.33,2.551,101693.21,122322.3,206612.21,104.45,105.81,106.66,208547.09,220700.66,196608,192323,2.179,NA,1504168,48,19.94,NA,NA,46,47,0.28,0.98,2.55,51,0,True,194,507,3d35b45f7
2026-07-29T14:54:09+00:00,p4,nospec,p4-nospec-combo,nospec,0.93,0,256,32768,"--mamba-ssm-dtype bfloat16",w2,8192,1024,128,256,OK,"",890.25,8012.22,0.8694,127.96,NA,39221.16,39340.13,76128.56,105.54,105.38,108.08,147188.33,147195.26,262144,256237,2.253,NA,1291496,1104,10.11,1104,1,128,128,0.92,0.12,NA,0,0,True,194,313,3d35b45f7
2026-07-29T15:06:14+00:00,p4,dspark,p4-dspark-combo,dspark,0.92,0,256,default,"--speculative-dspark-block-size 3",w2,8192,1024,96,192,OK,"",403.55,3631.99,0.3941,81.67,2.554,100815.26,120235.15,170994.89,104.03,104.59,106.38,207242.25,219037.33,196608,192089,2.298,NA,1504168,48,19.94,NA,NA,46,47,0.28,0.98,2.54,51,0,True,194,508,3d35b45f7
2026-07-29T15:14:53+00:00,p3b,dspark,p3b-g2,dspark,0.92,0,256,default,"--speculative-dspark-block-size 2",w2,8192,1024,48,96,OK,"",367.27,3305.43,0.3587,44.47,2.222,12407.41,6710.85,63297.12,109.06,109.07,111.15,123975.57,119600.08,98304,96420,1.917,NA,1586556,48,21.51,NA,NA,46,47,0.27,0.98,2.215,2,0,True,195,287,3d35b45f7
2026-07-29T15:22:57+00:00,p3b,dspark,p3b-g3-replayssm,dspark,0.92,0,256,default,"--speculative-dspark-block-size 3 --enable-linear-replayssm-spec",w2,8192,1024,48,96,OK,"",398.24,3584.12,0.3889,44.49,2.513,12043.3,7711.01,33944.14,100.06,100.94,101.89,114401.81,110141.33,98304,96457,1.879,NA,1803795,48,20.51,NA,NA,46,47,0.24,0.98,2.53,3,0,True,194,266,3d35b45f7
2026-07-29T15:31:21+00:00,p3b,dspark,p3b-g3-replayssm,dspark,0.92,0,256,default,"--speculative-dspark-block-size 3 --enable-linear-replayssm-spec",w2,8192,1024,96,192,OK,"",408.05,3672.41,0.3985,82.17,2.553,100292.22,121220.48,198837.19,103.53,103.76,106.44,206204.8,219171.96,196608,191049,2.827,NA,1803795,48,20.51,NA,NA,46,47,0.24,0.98,2.535,51,0,True,194,502,3d35b45f7
2026-07-29T15:37:35+00:00,p2b,nospec,p2b-noradix-gsp,nospec,0.93,0,256,default,"",w3,4096,256,32,256,OK,"",462.52,8275.57,1.8067,31.98,NA,5631.18,5927.67,9732.24,47.33,46.17,48.23,17699.38,17692.9,65536,63596,2.96,0,1292032,570,12.21,570,1,32,32,0.12,0.06,NA,0,0,True,194,156,3d35b45f7
2026-07-29T15:46:29+00:00,p2b,nospec,p2b-base-rep2,nospec,0.93,0,256,default,"",w2,8192,1024,128,256,OK,"",877.37,7896.33,0.8568,127.96,NA,39131.81,38975.31,76334.55,107.74,107.89,110.22,149348.44,149352.21,262144,256548,2.135,NA,1292032,570,12.21,570,1,128,128,0.92,0.22,NA,0,0,True,194,316,3d35b45f7
2026-07-29T15:55:22+00:00,p2b,nospec,p2b-base-rep3,nospec,0.93,0,256,default,"",w2,8192,1024,128,256,OK,"",878.15,7903.34,0.8576,127.96,NA,39144.17,38953.9,76203.73,107.6,107.85,109.59,149214.07,149218.48,262144,257457,1.788,NA,1292032,570,12.21,570,1,128,128,0.92,0.22,NA,0,0,True,194,316,3d35b45f7
